PatientId,AppointmentID,Gender,ScheduledDay,AppointmentDay,Age,SMS_received,No-show
7881,5001,F,2025-09-04 09:47:17,2025-09-06 09:47:17,5,0,No
7949,5002,F,2025-08-22 09:47:17,2025-09-14 09:47:17,11,1,No
7241,5003,F,2025-09-14 09:47:17,2025-10-06 09:47:17,4,1,No
9017,5004,F,2025-09-28 09:47:17,2025-10-17 09:47:17,1,0,No
7941,5005,F,2025-08-31 09:47:17,2025-09-25 09:47:17,15,1,No
8002,5006,F,2025-10-05 09:47:17,2025-10-31 09:47:17,4,1,No
2331,5007,F,2025-09-22 09:47:17,2025-10-21 09:47:17,14,0,No
5261,5008,M,2025-09-04 09:47:17,2025-09-26 09:47:17,11,1,Yes
8648,5009,F,2025-08-16 09:47:17,2025-09-11 09:47:17,3,1,No
6115,5010,M,2025-09-24 09:47:17,2025-10-20 09:47:17,14,1,No
5637,5011,F,2025-09-20 09:47:17,2025-10-12 09:47:17,10,0,No
5854,5012,F,2025-10-02 09:47:17,2025-10-19 09:47:17,15,1,No
4177,5013,M,2025-10-02 09:47:17,2025-10-22 09:47:17,5,1,No
8730,5014,F,2025-09-19 09:47:17,2025-09-29 09:47:17,13,1,No
3180,5015,F,2025-08-21 09:47:17,2025-08-27 09:47:17,17,0,No
5892,5016,M,2025-09-07 09:47:17,2025-09-22 09:47:17,11,1,No
8043,5017,F,2025-09-03 09:47:17,2025-09-25 09:47:17,10,0,No
1137,5018,F,2025-09-19 09:47:17,2025-09-30 09:47:17,12,1,No
7327,5019,M,2025-10-10 09:47:17,2025-11-07 09:47:17,10,0,No
4472,5020,F,2025-09-21 09:47:17,2025-09-26 09:47:17,15,1,No
6449,5021,M,2025-08-21 09:47:17,2025-08-22 09:47:17,14,1,No
3832,5022,F,2025-10-11 09:47:17,2025-10-19 09:47:17,14,0,Yes
4579,5023,F,2025-09-19 09:47:17,2025-10-10 09:47:17,3,0,No
6971,5024,F,2025-08-30 09:47:17,2025-09-27 09:47:17,10,0,No
5164,5025,F,2025-09-13 09:47:17,2025-09-25 09:47:17,14,1,No
8941,5026,F,2025-09-05 09:47:17,2025-09-17 09:47:17,3,1,No
6569,5027,F,2025-10-11 09:47:17,2025-10-16 09:47:17,12,1,No
5300,5028,M,2025-09-22 09:47:17,2025-09-29 09:47:17,1,1,No
7269,5029,F,2025-09-10 09:47:17,2025-09-14 09:47:17,13,1,Yes
4818,5030,M,2025-10-01 09:47:17,2025-10-07 09:47:17,3,1,No
2906,5031,F,2025-08-16 09:47:17,2025-08-29 09:47:17,15,1,No
7254,5032,M,2025-09-21 09:47:17,2025-10-11 09:47:17,13,1,No
1760,5033,M,2025-08-30 09:47:17,2025-09-14 09:47:17,14,1,No
8830,5034,M,2025-09-18 09:47:17,2025-09-21 09:47:17,2,1,No
8350,5035,F,2025-08-25 09:47:17,2025-09-17 09:47:17,7,0,No
7238,5036,M,2025-09-16 09:47:17,2025-09-24 09:47:17,15,1,Yes
7090,5037,F,2025-08-15 09:47:17,2025-09-04 09:47:17,9,1,No
7031,5038,M,2025-09-01 09:47:17,2025-09-17 09:47:17,3,1,No
8687,5039,M,2025-09-15 09:47:17,2025-09-28 09:47:17,17,0,Yes
9472,5040,F,2025-09-27 09:47:17,2025-10-15 09:47:17,1,1,No
2887,5041,F,2025-09-28 09:47:17,2025-10-26 09:47:17,16,1,Yes
4266,5042,M,2025-08-27 09:47:17,2025-09-06 09:47:17,12,1,No
1666,5043,F,2025-08-23 09:47:17,2025-09-11 09:47:17,3,0,Yes
5188,5044,F,2025-08-30 09:47:17,2025-09-16 09:47:17,10,1,No
1671,5045,F,2025-08-19 09:47:17,2025-09-12 09:47:17,6,1,Yes
7777,5046,M,2025-08-22 09:47:17,2025-09-10 09:47:17,11,1,Yes
8570,5047,M,2025-08-17 09:47:17,2025-09-14 09:47:17,9,1,No
8956,5048,F,2025-10-10 09:47:17,2025-11-05 09:47:17,6,1,Yes
6124,5049,M,2025-09-06 09:47:17,2025-09-29 09:47:17,12,1,No
6585,5050,F,2025-08-23 09:47:17,2025-09-18 09:47:17,6,0,No
5777,5051,F,2025-10-06 09:47:17,2025-10-11 09:47:17,16,1,No
4900,5052,F,2025-09-22 09:47:17,2025-10-18 09:47:17,9,1,No
7677,5053,F,2025-10-04 09:47:17,2025-10-25 09:47:17,9,0,No
7981,5054,F,2025-09-04 09:47:17,2025-09-27 09:47:17,3,0,No
7376,5055,M,2025-09-25 09:47:17,2025-10-04 09:47:17,3,0,No
1523,5056,F,2025-10-09 09:47:17,2025-10-21 09:47:17,6,1,Yes
3393,5057,M,2025-09-18 09:47:17,2025-10-09 09:47:17,0,1,Yes
3593,5058,F,2025-09-29 09:47:17,2025-09-30 09:47:17,11,1,No
8240,5059,F,2025-08-24 09:47:17,2025-09-19 09:47:17,12,1,No
7937,5060,F,2025-08-16 09:47:17,2025-09-11 09:47:17,9,1,No
7190,5061,F,2025-10-04 09:47:17,2025-10-05 09:47:17,14,0,No
6240,5062,F,2025-09-17 09:47:17,2025-10-02 09:47:17,12,0,No
7493,5063,M,2025-08-21 09:47:17,2025-08-23 09:47:17,8,1,No
3878,5064,M,2025-10-11 09:47:17,2025-11-02 09:47:17,8,0,No
5143,5065,F,2025-09-23 09:47:17,2025-10-09 09:47:17,14,0,Yes
4644,5066,M,2025-09-15 09:47:17,2025-10-10 09:47:17,9,1,No
5432,5067,M,2025-08-27 09:47:17,2025-09-04 09:47:17,9,1,No
2276,5068,M,2025-10-06 09:47:17,2025-10-19 09:47:17,7,1,No
6811,5069,M,2025-08-30 09:47:17,2025-09-20 09:47:17,15,1,No
1302,5070,M,2025-10-05 09:47:17,2025-10-06 09:47:17,16,1,No
1638,5071,M,2025-08-27 09:47:17,2025-09-12 09:47:17,4,1,No
1055,5072,M,2025-09-08 09:47:17,2025-10-07 09:47:17,3,1,No
9717,5073,M,2025-09-29 09:47:17,2025-10-06 09:47:17,17,1,No
9150,5074,F,2025-09-26 09:47:17,2025-10-01 09:47:17,3,0,Yes
3125,5075,M,2025-09-07 09:47:17,2025-09-29 09:47:17,6,1,Yes
1364,5076,M,2025-08-24 09:47:17,2025-09-22 09:47:17,9,1,No
7809,5077,F,2025-09-03 09:47:17,2025-09-26 09:47:17,17,1,No
5621,5078,M,2025-10-09 09:47:17,2025-10-12 09:47:17,3,1,No
6126,5079,F,2025-10-11 09:47:17,2025-10-23 09:47:17,9,1,No
6122,5080,F,2025-10-07 09:47:17,2025-11-02 09:47:17,0,0,No
2646,5081,M,2025-08-20 09:47:17,2025-09-05 09:47:17,17,1,No
1918,5082,M,2025-09-01 09:47:17,2025-09-20 09:47:17,4,0,No
3797,5083,F,2025-10-09 09:47:17,2025-10-14 09:47:17,14,0,No
7506,5084,F,2025-08-20 09:47:17,2025-09-11 09:47:17,16,0,No
6870,5085,F,2025-09-14 09:47:17,2025-10-09 09:47:17,2,1,Yes
2531,5086,F,2025-09-25 09:47:17,2025-10-24 09:47:17,11,0,Yes
9172,5087,M,2025-09-17 09:47:17,2025-10-01 09:47:17,1,1,No
4345,5088,F,2025-08-30 09:47:17,2025-09-27 09:47:17,0,0,No
8673,5089,M,2025-09-09 09:47:17,2025-09-14 09:47:17,16,1,Yes
7949,5090,F,2025-10-03 09:47:17,2025-10-18 09:47:17,15,0,No
7882,5091,F,2025-09-07 09:47:17,2025-09-24 09:47:17,4,1,Yes
2906,5092,F,2025-09-29 09:47:17,2025-10-13 09:47:17,14,1,No
4086,5093,F,2025-09-12 09:47:17,2025-10-02 09:47:17,2,1,Yes
9152,5094,M,2025-08-26 09:47:17,2025-08-31 09:47:17,6,0,No
6750,5095,M,2025-09-28 09:47:17,2025-10-10 09:47:17,10,1,Yes
9905,5096,M,2025-10-05 09:47:17,2025-10-21 09:47:17,9,1,Yes
2062,5097,M,2025-09-29 09:47:17,2025-10-25 09:47:17,8,1,No
2976,5098,F,2025-09-20 09:47:17,2025-10-16 09:47:17,13,0,No
2296,5099,M,2025-08-17 09:47:17,2025-09-02 09:47:17,12,0,Yes
7229,5100,M,2025-09-03 09:47:17,2025-09-24 09:47:17,1,1,No
8641,5101,F,2025-09-22 09:47:17,2025-09-29 09:47:17,20,1,Yes
1125,5102,F,2025-09-27 09:47:17,2025-10-01 09:47:17,24,1,No
5632,5103,F,2025-08-29 09:47:17,2025-08-30 09:47:17,38,1,No
7288,5104,F,2025-09-25 09:47:17,2025-09-30 09:47:17,35,1,No
4596,5105,M,2025-08-27 09:47:17,2025-09-19 09:47:17,20,0,No
7168,5106,M,2025-08-21 09:47:17,2025-09-16 09:47:17,27,1,Yes
8561,5107,F,2025-09-19 09:47:17,2025-09-29 09:47:17,39,0,No
9258,5108,F,2025-09-17 09:47:17,2025-10-09 09:47:17,24,1,No
1232,5109,M,2025-09-18 09:47:17,2025-09-23 09:47:17,26,1,No
7371,5110,F,2025-08-29 09:47:17,2025-09-02 09:47:17,34,1,No
5206,5111,M,2025-09-02 09:47:17,2025-09-04 09:47:17,28,0,Yes
8943,5112,M,2025-09-14 09:47:17,2025-10-04 09:47:17,24,0,Yes
7891,5113,F,2025-09-28 09:47:17,2025-10-08 09:47:17,31,0,No
7738,5114,F,2025-08-29 09:47:17,2025-09-24 09:47:17,36,0,Yes
3472,5115,F,2025-10-12 09:47:17,2025-10-31 09:47:17,21,0,Yes
3739,5116,M,2025-09-18 09:47:17,2025-10-14 09:47:17,23,1,No
6401,5117,F,2025-10-06 09:47:17,2025-10-07 09:47:17,27,0,Yes
2761,5118,M,2025-10-04 09:47:17,2025-10-28 09:47:17,24,0,No
1876,5119,M,2025-09-19 09:47:17,2025-09-24 09:47:17,30,1,No
4812,5120,F,2025-10-12 09:47:17,2025-10-25 09:47:17,31,1,Yes
2460,5121,F,2025-08-30 09:47:17,2025-09-03 09:47:17,21,1,No
2733,5122,F,2025-10-05 09:47:17,2025-10-21 09:47:17,25,0,Yes
2605,5123,F,2025-09-19 09:47:17,2025-10-13 09:47:17,22,1,Yes
6622,5124,F,2025-10-02 09:47:17,2025-10-18 09:47:17,18,0,No
7767,5125,F,2025-08-23 09:47:17,2025-09-15 09:47:17,21,0,Yes
7986,5126,M,2025-09-26 09:47:17,2025-09-28 09:47:17,20,1,No
4517,5127,M,2025-10-05 09:47:17,2025-10-22 09:47:17,26,0,No
4735,5128,M,2025-09-08 09:47:17,2025-10-06 09:47:17,25,1,No
9434,5129,M,2025-09-08 09:47:17,2025-10-05 09:47:17,18,1,Yes
3590,5130,F,2025-09-10 09:47:17,2025-09-30 09:47:17,23,0,No
2063,5131,F,2025-08-15 09:47:17,2025-09-08 09:47:17,26,1,No
5324,5132,M,2025-10-08 09:47:17,2025-10-20 09:47:17,24,0,No
6342,5133,M,2025-09-01 09:47:17,2025-09-19 09:47:17,21,1,No
1005,5134,F,2025-09-04 09:47:17,2025-09-07 09:47:17,30,1,No
8489,5135,M,2025-08-16 09:47:17,2025-09-13 09:47:17,34,1,No
9659,5136,F,2025-09-02 09:47:17,2025-09-03 09:47:17,19,1,No
9195,5137,F,2025-09-15 09:47:17,2025-09-16 09:47:17,22,0,No
6966,5138,F,2025-10-06 09:47:17,2025-11-04 09:47:17,29,1,Yes
9837,5139,F,2025-10-04 09:47:17,2025-10-23 09:47:17,38,0,No
1117,5140,F,2025-10-05 09:47:17,2025-10-16 09:47:17,25,1,No
3551,5141,M,2025-10-01 09:47:17,2025-10-06 09:47:17,23,1,Yes
6560,5142,F,2025-09-09 09:47:17,2025-09-21 09:47:17,25,0,No
5289,5143,F,2025-09-10 09:47:17,2025-09-13 09:47:17,35,1,Yes
1846,5144,M,2025-08-26 09:47:17,2025-08-27 09:47:17,20,0,No
7316,5145,F,2025-08-19 09:47:17,2025-08-20 09:47:17,39,1,Yes
7469,5146,F,2025-09-20 09:47:17,2025-09-28 09:47:17,29,1,No
9915,5147,F,2025-09-19 09:47:17,2025-09-29 09:47:17,20,1,No
1224,5148,F,2025-09-06 09:47:17,2025-09-17 09:47:17,39,1,No
5208,5149,F,2025-09-08 09:47:17,2025-09-20 09:47:17,23,0,Yes
7283,5150,F,2025-08-30 09:47:17,2025-09-28 09:47:17,19,0,No
3048,5151,F,2025-09-03 09:47:17,2025-09-16 09:47:17,29,0,No
7233,5152,F,2025-09-21 09:47:17,2025-10-03 09:47:17,19,0,Yes
2828,5153,F,2025-09-16 09:47:17,2025-09-30 09:47:17,23,0,Yes
2917,5154,F,2025-09-08 09:47:17,2025-09-10 09:47:17,34,1,No
5234,5155,F,2025-10-12 09:47:17,2025-11-10 09:47:17,20,1,Yes
7988,5156,M,2025-09-08 09:47:17,2025-09-27 09:47:17,19,1,Yes
3026,5157,F,2025-09-06 09:47:17,2025-09-24 09:47:17,37,0,No
4744,5158,F,2025-08-27 09:47:17,2025-08-30 09:47:17,25,1,No
1009,5159,M,2025-09-29 09:47:17,2025-10-22 09:47:17,39,1,No
1260,5160,F,2025-10-10 09:47:17,2025-10-27 09:47:17,29,0,No
7038,5161,M,2025-10-12 09:47:17,2025-11-07 09:47:17,21,1,No
3219,5162,M,2025-10-08 09:47:17,2025-10-16 09:47:17,22,1,No
8041,5163,F,2025-09-17 09:47:17,2025-10-16 09:47:17,30,0,No
3060,5164,M,2025-08-19 09:47:17,2025-09-14 09:47:17,32,1,No
6287,5165,F,2025-09-29 09:47:17,2025-10-09 09:47:17,33,1,No
2619,5166,F,2025-09-04 09:47:17,2025-09-30 09:47:17,27,0,Yes
9512,5167,F,2025-09-16 09:47:17,2025-09-18 09:47:17,33,1,Yes
2342,5168,M,2025-10-04 09:47:17,2025-10-23 09:47:17,29,1,No
3832,5169,M,2025-09-28 09:47:17,2025-10-07 09:47:17,34,1,Yes
3824,5170,F,2025-09-28 09:47:17,2025-10-05 09:47:17,33,1,No
2994,5171,F,2025-09-17 09:47:17,2025-09-21 09:47:17,29,1,No
4490,5172,F,2025-09-01 09:47:17,2025-09-27 09:47:17,25,1,No
8984,5173,M,2025-09-30 09:47:17,2025-10-21 09:47:17,37,1,No
2604,5174,F,2025-08-23 09:47:17,2025-09-10 09:47:17,20,0,Yes
1235,5175,F,2025-09-11 09:47:17,2025-09-24 09:47:17,33,1,No
2908,5176,F,2025-09-04 09:47:17,2025-09-15 09:47:17,30,1,No
9567,5177,M,2025-08-25 09:47:17,2025-09-23 09:47:17,36,1,No
4530,5178,F,2025-08-22 09:47:17,2025-09-15 09:47:17,25,0,No
6256,5179,F,2025-09-11 09:47:17,2025-09-15 09:47:17,39,1,No
3635,5180,F,2025-10-09 09:47:17,2025-11-03 09:47:17,22,0,No
9162,5181,M,2025-09-13 09:47:17,2025-10-04 09:47:17,37,0,No
3560,5182,F,2025-09-06 09:47:17,2025-10-05 09:47:17,25,0,Yes
6415,5183,F,2025-09-20 09:47:17,2025-10-15 09:47:17,29,0,Yes
4391,5184,M,2025-09-04 09:47:17,2025-09-08 09:47:17,18,1,No
6951,5185,F,2025-08-29 09:47:17,2025-09-08 09:47:17,38,1,Yes
6468,5186,F,2025-09-28 09:47:17,2025-10-03 09:47:17,37,0,No
9007,5187,M,2025-08-31 09:47:17,2025-09-09 09:47:17,23,1,No
7413,5188,M,2025-09-14 09:47:17,2025-10-08 09:47:17,39,1,No
7941,5189,F,2025-09-07 09:47:17,2025-09-10 09:47:17,35,1,No
5820,5190,M,2025-09-30 09:47:17,2025-10-17 09:47:17,25,0,Yes
3898,5191,F,2025-09-11 09:47:17,2025-09-14 09:47:17,24,1,No
8546,5192,M,2025-10-06 09:47:17,2025-10-22 09:47:17,18,1,No
1077,5193,F,2025-08-15 09:47:17,2025-08-19 09:47:17,38,1,No
8577,5194,M,2025-08-23 09:47:17,2025-09-10 09:47:17,33,0,No
5227,5195,F,2025-09-21 09:47:17,2025-10-08 09:47:17,29,0,Yes
1600,5196,F,2025-09-15 09:47:17,2025-09-22 09:47:17,23,1,No
2065,5197,F,2025-10-11 09:47:17,2025-11-04 09:47:17,37,1,No
3136,5198,F,2025-09-01 09:47:17,2025-09-24 09:47:17,19,1,No
7943,5199,M,2025-08-29 09:47:17,2025-09-03 09:47:17,31,1,No
8804,5200,F,2025-08-17 09:47:17,2025-08-29 09:47:17,21,0,No
7565,5201,M,2025-08-21 09:47:17,2025-09-07 09:47:17,18,1,No
6984,5202,M,2025-10-07 09:47:17,2025-10-30 09:47:17,35,1,No
6142,5203,M,2025-09-15 09:47:17,2025-09-28 09:47:17,30,1,No
5670,5204,F,2025-09-15 09:47:17,2025-10-08 09:47:17,19,1,Yes
3190,5205,F,2025-08-30 09:47:17,2025-09-24 09:47:17,26,1,Yes
3712,5206,F,2025-08-30 09:47:17,2025-09-02 09:47:17,38,0,No
3192,5207,M,2025-09-23 09:47:17,2025-10-02 09:47:17,19,1,No
2248,5208,M,2025-09-13 09:47:17,2025-09-30 09:47:17,26,0,No
5033,5209,F,2025-10-02 09:47:17,2025-10-19 09:47:17,18,1,Yes
2997,5210,M,2025-08-16 09:47:17,2025-09-05 09:47:17,28,1,No
4687,5211,F,2025-08-19 09:47:17,2025-09-04 09:47:17,20,1,No
5018,5212,M,2025-09-15 09:47:17,2025-10-10 09:47:17,37,1,No
2970,5213,F,2025-09-18 09:47:17,2025-10-10 09:47:17,21,1,No
9389,5214,F,2025-09-04 09:47:17,2025-09-17 09:47:17,35,1,No
6765,5215,M,2025-09-10 09:47:17,2025-10-07 09:47:17,23,1,No
2202,5216,M,2025-10-12 09:47:17,2025-10-31 09:47:17,20,0,No
9135,5217,F,2025-08-17 09:47:17,2025-09-03 09:47:17,39,1,No
6567,5218,F,2025-09-16 09:47:17,2025-09-20 09:47:17,28,1,No
8667,5219,M,2025-08-17 09:47:17,2025-08-29 09:47:17,32,0,No
6742,5220,F,2025-08-22 09:47:17,2025-09-20 09:47:17,39,1,No
6788,5221,M,2025-09-30 09:47:17,2025-10-09 09:47:17,22,1,No
6408,5222,M,2025-09-02 09:47:17,2025-09-21 09:47:17,37,0,No
9669,5223,F,2025-10-10 09:47:17,2025-10-22 09:47:17,27,1,No
1922,5224,M,2025-09-04 09:47:17,2025-09-13 09:47:17,29,0,Yes
1419,5225,F,2025-10-07 09:47:17,2025-10-14 09:47:17,32,0,No
3204,5226,M,2025-10-05 09:47:17,2025-11-02 09:47:17,34,0,No
2120,5227,M,2025-09-16 09:47:17,2025-09-30 09:47:17,27,1,No
1950,5228,F,2025-10-04 09:47:17,2025-10-24 09:47:17,23,1,No
3336,5229,M,2025-09-06 09:47:17,2025-09-25 09:47:17,35,0,No
6373,5230,F,2025-09-10 09:47:17,2025-10-06 09:47:17,30,1,No
3243,5231,M,2025-08-23 09:47:17,2025-09-07 09:47:17,20,1,No
3645,5232,M,2025-09-01 09:47:17,2025-09-17 09:47:17,27,0,Yes
5612,5233,M,2025-08-30 09:47:17,2025-09-20 09:47:17,31,1,No
2865,5234,F,2025-09-19 09:47:17,2025-09-24 09:47:17,23,1,Yes
7028,5235,M,2025-09-28 09:47:17,2025-10-01 09:47:17,20,1,Yes
8326,5236,F,2025-08-15 09:47:17,2025-08-27 09:47:17,33,1,No
7371,5237,F,2025-08-20 09:47:17,2025-09-14 09:47:17,24,1,Yes
7359,5238,F,2025-09-11 09:47:17,2025-10-01 09:47:17,37,1,No
8863,5239,M,2025-09-11 09:47:17,2025-10-08 09:47:17,31,1,Yes
4228,5240,F,2025-09-19 09:47:17,2025-10-10 09:47:17,26,1,No
4719,5241,F,2025-09-02 09:47:17,2025-09-06 09:47:17,32,0,No
3371,5242,F,2025-08-22 09:47:17,2025-09-12 09:47:17,38,1,No
3891,5243,F,2025-08-25 09:47:17,2025-09-17 09:47:17,20,1,No
4756,5244,F,2025-08-25 09:47:17,2025-09-10 09:47:17,19,0,No
5225,5245,F,2025-08-16 09:47:17,2025-09-10 09:47:17,19,0,No
1094,5246,M,2025-08-22 09:47:17,2025-08-29 09:47:17,20,1,No
3674,5247,M,2025-10-01 09:47:17,2025-10-14 09:47:17,35,1,No
7898,5248,F,2025-09-04 09:47:17,2025-09-25 09:47:17,31,1,No
1793,5249,F,2025-10-11 09:47:17,2025-10-21 09:47:17,37,1,No
3116,5250,F,2025-10-10 09:47:17,2025-11-05 09:47:17,35,0,Yes
6779,5251,F,2025-08-25 09:47:17,2025-09-01 09:47:17,49,1,Yes
7166,5252,M,2025-09-06 09:47:17,2025-09-20 09:47:17,41,0,Yes
1814,5253,M,2025-08-25 09:47:17,2025-09-20 09:47:17,40,1,No
1345,5254,F,2025-08-18 09:47:17,2025-08-23 09:47:17,43,1,No
9554,5255,M,2025-09-26 09:47:17,2025-09-29 09:47:17,53,1,No
3443,5256,M,2025-08-15 09:47:17,2025-09-07 09:47:17,40,1,Yes
8783,5257,F,2025-08-25 09:47:17,2025-09-23 09:47:17,53,0,No
1984,5258,M,2025-10-11 09:47:17,2025-10-22 09:47:17,55,1,No
8790,5259,F,2025-10-11 09:47:17,2025-10-22 09:47:17,53,1,No
1827,5260,M,2025-09-15 09:47:17,2025-10-03 09:47:17,59,1,Yes
4531,5261,F,2025-08-20 09:47:17,2025-09-04 09:47:17,42,1,No
8147,5262,M,2025-09-20 09:47:17,2025-10-02 09:47:17,42,1,No
5451,5263,F,2025-09-06 09:47:17,2025-09-15 09:47:17,48,1,No
4876,5264,M,2025-09-11 09:47:17,2025-09-21 09:47:17,45,0,No
6959,5265,M,2025-09-10 09:47:17,2025-10-06 09:47:17,52,0,No
1126,5266,M,2025-10-12 09:47:17,2025-10-24 09:47:17,41,1,No
4177,5267,F,2025-09-24 09:47:17,2025-10-11 09:47:17,47,1,No
9795,5268,F,2025-10-11 09:47:17,2025-11-09 09:47:17,41,0,Yes
7024,5269,M,2025-08-21 09:47:17,2025-08-27 09:47:17,43,0,No
6109,5270,F,2025-08-30 09:47:17,2025-09-06 09:47:17,54,0,Yes
5146,5271,F,2025-09-17 09:47:17,2025-10-01 09:47:17,43,0,Yes
8196,5272,F,2025-09-11 09:47:17,2025-09-24 09:47:17,52,1,No
4368,5273,M,2025-10-07 09:47:17,2025-10-15 09:47:17,51,1,No
4797,5274,F,2025-09-11 09:47:17,2025-09-21 09:47:17,52,1,No
2792,5275,M,2025-08-19 09:47:17,2025-08-28 09:47:17,53,1,Yes
6732,5276,M,2025-10-09 09:47:17,2025-10-27 09:47:17,59,1,No
4476,5277,F,2025-08-19 09:47:17,2025-09-15 09:47:17,57,1,No
4417,5278,M,2025-10-02 09:47:17,2025-10-28 09:47:17,45,1,No
2645,5279,F,2025-08-18 09:47:17,2025-08-20 09:47:17,50,1,No
4030,5280,F,2025-08-15 09:47:17,2025-08-20 09:47:17,41,1,No
3872,5281,F,2025-09-26 09:47:17,2025-10-25 09:47:17,58,0,No
4072,5282,F,2025-09-05 09:47:17,2025-09-10 09:47:17,58,1,No
2854,5283,M,2025-09-19 09:47:17,2025-09-25 09:47:17,44,0,No
5021,5284,M,2025-10-08 09:47:17,2025-10-27 09:47:17,58,1,No
5662,5285,F,2025-08-22 09:47:17,2025-08-30 09:47:17,41,0,No
7514,5286,M,2025-09-09 09:47:17,2025-09-25 09:47:17,49,0,No
6031,5287,M,2025-10-07 09:47:17,2025-10-20 09:47:17,41,1,No
3708,5288,M,2025-09-21 09:47:17,2025-09-22 09:47:17,50,0,Yes
8112,5289,M,2025-10-02 09:47:17,2025-10-24 09:47:17,57,1,No
9393,5290,M,2025-08-26 09:47:17,2025-09-15 09:47:17,54,0,No
4507,5291,M,2025-09-27 09:47:17,2025-10-14 09:47:17,48,1,No
7456,5292,F,2025-09-10 09:47:17,2025-09-17 09:47:17,58,1,No
5212,5293,F,2025-10-04 09:47:17,2025-10-29 09:47:17,48,1,No
8970,5294,F,2025-08-15 09:47:17,2025-08-28 09:47:17,42,0,No
9766,5295,M,2025-10-07 09:47:17,2025-10-11 09:47:17,48,0,Yes
1536,5296,M,2025-09-27 09:47:17,2025-10-01 09:47:17,53,0,No
2625,5297,M,2025-09-14 09:47:17,2025-09-20 09:47:17,58,0,No
8973,5298,F,2025-10-10 09:47:17,2025-11-07 09:47:17,46,1,No
9577,5299,F,2025-09-23 09:47:17,2025-10-12 09:47:17,55,1,No
9070,5300,M,2025-08-15 09:47:17,2025-09-13 09:47:17,55,1,No
9666,5301,F,2025-09-07 09:47:17,2025-09-19 09:47:17,40,1,No
9609,5302,M,2025-09-24 09:47:17,2025-10-16 09:47:17,43,1,No
7490,5303,F,2025-09-17 09:47:17,2025-09-24 09:47:17,43,1,No
4600,5304,F,2025-10-10 09:47:17,2025-11-06 09:47:17,46,0,No
7783,5305,F,2025-09-24 09:47:17,2025-10-04 09:47:17,47,1,No
5971,5306,F,2025-09-23 09:47:17,2025-10-19 09:47:17,56,1,No
2205,5307,F,2025-09-11 09:47:17,2025-09-30 09:47:17,44,1,No
2990,5308,M,2025-10-06 09:47:17,2025-10-13 09:47:17,46,0,Yes
6299,5309,F,2025-08-22 09:47:17,2025-08-25 09:47:17,59,1,No
4572,5310,M,2025-09-02 09:47:17,2025-09-15 09:47:17,59,1,No
6975,5311,F,2025-09-10 09:47:17,2025-09-23 09:47:17,43,1,No
7320,5312,F,2025-09-03 09:47:17,2025-09-21 09:47:17,45,1,Yes
5380,5313,F,2025-09-04 09:47:17,2025-10-02 09:47:17,46,1,Yes
5757,5314,F,2025-09-25 09:47:17,2025-10-21 09:47:17,57,1,No
3713,5315,F,2025-09-03 09:47:17,2025-09-23 09:47:17,44,0,Yes
6588,5316,F,2025-10-12 09:47:17,2025-11-09 09:47:17,59,1,No
1966,5317,F,2025-10-02 09:47:17,2025-10-10 09:47:17,42,0,No
5944,5318,M,2025-09-15 09:47:17,2025-10-14 09:47:17,46,1,Yes
4432,5319,M,2025-08-17 09:47:17,2025-08-26 09:47:17,53,1,Yes
1688,5320,M,2025-09-18 09:47:17,2025-09-25 09:47:17,46,0,No
5243,5321,M,2025-08-24 09:47:17,2025-08-25 09:47:17,44,1,No
4701,5322,F,2025-09-20 09:47:17,2025-09-23 09:47:17,44,0,No
9533,5323,M,2025-09-12 09:47:17,2025-09-25 09:47:17,41,1,No
6182,5324,F,2025-09-13 09:47:17,2025-10-11 09:47:17,45,1,Yes
7704,5325,M,2025-09-01 09:47:17,2025-09-26 09:47:17,54,1,No
5422,5326,M,2025-09-08 09:47:17,2025-10-06 09:47:17,49,0,No
2759,5327,F,2025-10-06 09:47:17,2025-10-23 09:47:17,46,1,No
3482,5328,F,2025-09-27 09:47:17,2025-10-22 09:47:17,44,1,No
9058,5329,F,2025-09-17 09:47:17,2025-10-11 09:47:17,40,0,No
1951,5330,F,2025-08-26 09:47:17,2025-08-27 09:47:17,52,1,No
9914,5331,F,2025-08-17 09:47:17,2025-08-23 09:47:17,57,0,Yes
3079,5332,M,2025-08-22 09:47:17,2025-09-12 09:47:17,52,1,Yes
3717,5333,F,2025-08-25 09:47:17,2025-08-31 09:47:17,57,0,No
5524,5334,F,2025-10-11 09:47:17,2025-11-06 09:47:17,44,1,Yes
9477,5335,F,2025-10-12 09:47:17,2025-10-24 09:47:17,52,1,Yes
8311,5336,M,2025-08-26 09:47:17,2025-09-08 09:47:17,43,0,Yes
8186,5337,F,2025-10-01 09:47:17,2025-10-14 09:47:17,56,0,No
3065,5338,M,2025-10-08 09:47:17,2025-11-06 09:47:17,42,0,No
1768,5339,M,2025-09-06 09:47:17,2025-09-21 09:47:17,56,1,No
6490,5340,M,2025-09-11 09:47:17,2025-10-02 09:47:17,50,0,No
7645,5341,F,2025-08-15 09:47:17,2025-08-31 09:47:17,59,1,No
6083,5342,F,2025-08-19 09:47:17,2025-09-10 09:47:17,43,0,No
6232,5343,F,2025-10-04 09:47:17,2025-10-25 09:47:17,41,0,No
6797,5344,F,2025-09-02 09:47:17,2025-09-13 09:47:17,59,1,No
5926,5345,M,2025-09-08 09:47:17,2025-10-06 09:47:17,55,0,No
7016,5346,M,2025-09-24 09:47:17,2025-09-29 09:47:17,57,1,No
4335,5347,M,2025-08-26 09:47:17,2025-08-30 09:47:17,47,1,Yes
9038,5348,F,2025-09-27 09:47:17,2025-09-30 09:47:17,42,1,Yes
5873,5349,M,2025-10-10 09:47:17,2025-10-29 09:47:17,48,1,Yes
2481,5350,F,2025-09-23 09:47:17,2025-10-13 09:47:17,59,1,Yes
7305,5351,F,2025-09-19 09:47:17,2025-10-14 09:47:17,45,0,No
4451,5352,M,2025-08-20 09:47:17,2025-09-07 09:47:17,49,0,Yes
1054,5353,F,2025-08-18 09:47:17,2025-09-02 09:47:17,49,0,No
8643,5354,F,2025-09-10 09:47:17,2025-09-19 09:47:17,52,1,No
4462,5355,F,2025-09-19 09:47:17,2025-10-06 09:47:17,56,0,No
1832,5356,F,2025-08-22 09:47:17,2025-09-05 09:47:17,48,1,No
6954,5357,M,2025-10-02 09:47:17,2025-10-17 09:47:17,56,1,No
9519,5358,M,2025-08-25 09:47:17,2025-08-26 09:47:17,48,1,No
8221,5359,F,2025-10-05 09:47:17,2025-10-26 09:47:17,48,1,Yes
4310,5360,F,2025-09-07 09:47:17,2025-09-29 09:47:17,40,0,No
4300,5361,M,2025-09-05 09:47:17,2025-09-27 09:47:17,41,1,No
7722,5362,F,2025-09-03 09:47:17,2025-09-06 09:47:17,55,1,Yes
8218,5363,F,2025-09-23 09:47:17,2025-10-09 09:47:17,40,0,No
8776,5364,F,2025-09-08 09:47:17,2025-10-01 09:47:17,49,0,No
4675,5365,M,2025-08-26 09:47:17,2025-09-20 09:47:17,57,1,No
4054,5366,F,2025-09-18 09:47:17,2025-09-29 09:47:17,47,1,No
8970,5367,F,2025-09-08 09:47:17,2025-09-20 09:47:17,50,1,No
3143,5368,M,2025-09-18 09:47:17,2025-09-28 09:47:17,41,1,Yes
6207,5369,M,2025-09-14 09:47:17,2025-09-30 09:47:17,47,1,No
3538,5370,F,2025-09-25 09:47:17,2025-10-03 09:47:17,47,1,No
5547,5371,M,2025-08-28 09:47:17,2025-09-03 09:47:17,56,1,Yes
6619,5372,F,2025-09-25 09:47:17,2025-10-07 09:47:17,54,0,No
9356,5373,F,2025-10-11 09:47:17,2025-11-04 09:47:17,56,1,No
7612,5374,M,2025-08-20 09:47:17,2025-09-17 09:47:17,52,1,No
6005,5375,F,2025-09-08 09:47:17,2025-09-29 09:47:17,58,1,No
1822,5376,M,2025-09-27 09:47:17,2025-10-05 09:47:17,44,1,No
1943,5377,F,2025-09-02 09:47:17,2025-09-28 09:47:17,51,1,No
7150,5378,M,2025-09-07 09:47:17,2025-10-05 09:47:17,40,1,No
5425,5379,F,2025-09-10 09:47:17,2025-09-14 09:47:17,44,1,Yes
9966,5380,M,2025-10-09 09:47:17,2025-11-04 09:47:17,47,1,No
3198,5381,M,2025-09-10 09:47:17,2025-09-18 09:47:17,52,1,No
5242,5382,F,2025-09-29 09:47:17,2025-10-25 09:47:17,47,0,No
4695,5383,M,2025-09-22 09:47:17,2025-10-20 09:47:17,50,1,No
4452,5384,F,2025-08-26 09:47:17,2025-09-13 09:47:17,40,0,No
2308,5385,M,2025-09-23 09:47:17,2025-10-21 09:47:17,52,1,No
5177,5386,F,2025-08-18 09:47:17,2025-09-15 09:47:17,58,1,Yes
9705,5387,M,2025-10-05 09:47:17,2025-10-10 09:47:17,42,1,No
7852,5388,F,2025-10-06 09:47:17,2025-10-15 09:47:17,56,1,No
7035,5389,F,2025-10-10 09:47:17,2025-10-14 09:47:17,44,1,No
4594,5390,M,2025-09-26 09:47:17,2025-10-23 09:47:17,59,1,No
5841,5391,M,2025-09-10 09:47:17,2025-10-02 09:47:17,47,1,No
2409,5392,M,2025-08-26 09:47:17,2025-09-12 09:47:17,53,1,No
5566,5393,F,2025-10-01 09:47:17,2025-10-10 09:47:17,43,0,No
5491,5394,M,2025-08-15 09:47:17,2025-08-16 09:47:17,50,0,No
2555,5395,F,2025-08-23 09:47:17,2025-09-13 09:47:17,59,1,Yes
1804,5396,M,2025-09-21 09:47:17,2025-10-11 09:47:17,54,1,Yes
2279,5397,M,2025-08-19 09:47:17,2025-09-01 09:47:17,58,0,Yes
8083,5398,F,2025-09-21 09:47:17,2025-10-19 09:47:17,46,0,Yes
6986,5399,F,2025-08-28 09:47:17,2025-09-13 09:47:17,58,0,No
6619,5400,M,2025-09-13 09:47:17,2025-10-12 09:47:17,58,1,Yes
2387,5401,M,2025-09-05 09:47:17,2025-09-18 09:47:17,64,0,No
3679,5402,M,2025-09-05 09:47:17,2025-09-19 09:47:17,64,1,Yes
3106,5403,F,2025-08-29 09:47:17,2025-09-01 09:47:17,89,0,Yes
9173,5404,F,2025-08-23 09:47:17,2025-09-21 09:47:17,91,1,No
5223,5405,F,2025-08-20 09:47:17,2025-08-26 09:47:17,67,0,Yes
5831,5406,F,2025-10-05 09:47:17,2025-10-23 09:47:17,69,0,No
3768,5407,F,2025-09-16 09:47:17,2025-10-05 09:47:17,97,1,No
4186,5408,F,2025-09-16 09:47:17,2025-09-21 09:47:17,91,0,No
3573,5409,F,2025-09-09 09:47:17,2025-09-24 09:47:17,87,0,No
3599,5410,M,2025-09-22 09:47:17,2025-10-17 09:47:17,76,0,No
5033,5411,M,2025-09-13 09:47:17,2025-09-15 09:47:17,90,0,No
9428,5412,M,2025-09-10 09:47:17,2025-09-20 09:47:17,67,0,Yes
2304,5413,M,2025-09-15 09:47:17,2025-10-09 09:47:17,99,0,No
8368,5414,F,2025-08-27 09:47:17,2025-09-14 09:47:17,84,1,Yes
6877,5415,F,2025-09-10 09:47:17,2025-10-07 09:47:17,68,1,Yes
2301,5416,M,2025-10-08 09:47:17,2025-10-21 09:47:17,61,1,Yes
3541,5417,M,2025-08-26 09:47:17,2025-08-31 09:47:17,74,0,Yes
3051,5418,F,2025-09-24 09:47:17,2025-10-17 09:47:17,62,1,No
7809,5419,F,2025-10-09 09:47:17,2025-11-02 09:47:17,95,1,Yes
9633,5420,M,2025-09-08 09:47:17,2025-09-09 09:47:17,63,0,Yes
9996,5421,F,2025-08-25 09:47:17,2025-09-16 09:47:17,73,1,No
1074,5422,M,2025-09-26 09:47:17,2025-09-27 09:47:17,84,0,No
7981,5423,M,2025-08-30 09:47:17,2025-09-17 09:47:17,69,0,No
6475,5424,F,2025-09-15 09:47:17,2025-09-30 09:47:17,80,1,No
9232,5425,F,2025-09-13 09:47:17,2025-09-30 09:47:17,95,1,No
8184,5426,M,2025-09-14 09:47:17,2025-09-25 09:47:17,71,1,No
6796,5427,F,2025-08-28 09:47:17,2025-09-18 09:47:17,86,1,No
8141,5428,F,2025-08-21 09:47:17,2025-09-16 09:47:17,99,1,No
2622,5429,F,2025-10-07 09:47:17,2025-11-01 09:47:17,61,0,Yes
9041,5430,F,2025-09-08 09:47:17,2025-09-30 09:47:17,72,0,No
1341,5431,F,2025-09-02 09:47:17,2025-09-29 09:47:17,91,1,No
3074,5432,F,2025-09-06 09:47:17,2025-10-03 09:47:17,90,1,No
8992,5433,F,2025-09-19 09:47:17,2025-10-06 09:47:17,75,1,No
1645,5434,M,2025-09-14 09:47:17,2025-09-27 09:47:17,91,1,Yes
5263,5435,M,2025-08-25 09:47:17,2025-08-26 09:47:17,91,1,No
9801,5436,M,2025-08-28 09:47:17,2025-08-30 09:47:17,93,1,No
7136,5437,F,2025-08-21 09:47:17,2025-08-30 09:47:17,70,0,No
9646,5438,M,2025-09-12 09:47:17,2025-09-15 09:47:17,69,1,No
3969,5439,F,2025-09-08 09:47:17,2025-09-09 09:47:17,74,1,Yes
4028,5440,F,2025-09-10 09:47:17,2025-10-01 09:47:17,76,1,No
8643,5441,M,2025-08-22 09:47:17,2025-09-07 09:47:17,99,0,No
3681,5442,F,2025-09-22 09:47:17,2025-10-15 09:47:17,77,1,No
4629,5443,M,2025-09-11 09:47:17,2025-09-17 09:47:17,68,0,No
5225,5444,F,2025-09-20 09:47:17,2025-10-18 09:47:17,84,0,No
4067,5445,M,2025-09-10 09:47:17,2025-09-27 09:47:17,99,0,No
6941,5446,F,2025-10-10 09:47:17,2025-10-15 09:47:17,73,1,No
2386,5447,F,2025-09-25 09:47:17,2025-09-30 09:47:17,84,1,No
3866,5448,F,2025-09-18 09:47:17,2025-09-24 09:47:17,81,0,No
5788,5449,F,2025-09-01 09:47:17,2025-09-04 09:47:17,89,1,Yes
6490,5450,F,2025-09-12 09:47:17,2025-10-03 09:47:17,79,1,Yes
5124,5451,F,2025-08-20 09:47:17,2025-09-12 09:47:17,80,1,No
9340,5452,F,2025-08-16 09:47:17,2025-08-21 09:47:17,91,0,Yes
4850,5453,F,2025-10-10 09:47:17,2025-10-31 09:47:17,80,1,No
6415,5454,M,2025-09-03 09:47:17,2025-09-08 09:47:17,94,1,No
8679,5455,F,2025-08-28 09:47:17,2025-09-07 09:47:17,91,0,Yes
7819,5456,F,2025-09-19 09:47:17,2025-09-29 09:47:17,89,0,Yes
9378,5457,F,2025-08-24 09:47:17,2025-09-12 09:47:17,98,1,Yes
2333,5458,M,2025-09-11 09:47:17,2025-09-28 09:47:17,71,1,No
5150,5459,F,2025-08-27 09:47:17,2025-09-17 09:47:17,77,1,No
7766,5460,M,2025-09-21 09:47:17,2025-10-05 09:47:17,80,1,Yes
3711,5461,F,2025-09-20 09:47:17,2025-09-29 09:47:17,72,1,No
5853,5462,M,2025-10-11 09:47:17,2025-10-25 09:47:17,80,1,No
7212,5463,F,2025-09-16 09:47:17,2025-09-17 09:47:17,67,0,No
8479,5464,F,2025-09-01 09:47:17,2025-09-20 09:47:17,99,1,No
6408,5465,M,2025-10-11 09:47:17,2025-10-24 09:47:17,66,1,No
8715,5466,F,2025-09-17 09:47:17,2025-09-30 09:47:17,82,1,No
9942,5467,M,2025-09-26 09:47:17,2025-09-30 09:47:17,91,1,Yes
2762,5468,F,2025-09-03 09:47:17,2025-09-04 09:47:17,70,1,No
8101,5469,F,2025-09-10 09:47:17,2025-09-27 09:47:17,81,0,No
8674,5470,F,2025-10-04 09:47:17,2025-10-12 09:47:17,81,1,No
7122,5471,F,2025-08-31 09:47:17,2025-09-02 09:47:17,84,0,No
1481,5472,F,2025-08-20 09:47:17,2025-09-17 09:47:17,81,1,No
1153,5473,M,2025-08-26 09:47:17,2025-09-03 09:47:17,87,0,No
8617,5474,M,2025-09-04 09:47:17,2025-09-11 09:47:17,88,0,Yes
2524,5475,F,2025-09-14 09:47:17,2025-10-10 09:47:17,72,1,No
3120,5476,F,2025-09-01 09:47:17,2025-09-27 09:47:17,77,0,Yes
3343,5477,F,2025-08-19 09:47:17,2025-08-21 09:47:17,61,1,No
6136,5478,F,2025-09-17 09:47:17,2025-10-09 09:47:17,88,1,No
6760,5479,M,2025-09-08 09:47:17,2025-09-30 09:47:17,80,0,No
2240,5480,F,2025-08-24 09:47:17,2025-08-27 09:47:17,74,0,No
1060,5481,M,2025-09-18 09:47:17,2025-10-15 09:47:17,86,1,Yes
2639,5482,F,2025-09-19 09:47:17,2025-10-07 09:47:17,90,0,No
7185,5483,M,2025-09-30 09:47:17,2025-10-12 09:47:17,74,1,No
8970,5484,M,2025-08-16 09:47:17,2025-08-17 09:47:17,82,1,Yes
2252,5485,M,2025-10-06 09:47:17,2025-10-28 09:47:17,83,1,Yes
5203,5486,M,2025-08-17 09:47:17,2025-08-29 09:47:17,72,1,Yes
9363,5487,F,2025-09-07 09:47:17,2025-09-12 09:47:17,81,1,No
4549,5488,M,2025-08-29 09:47:17,2025-09-25 09:47:17,96,1,Yes
5197,5489,M,2025-09-23 09:47:17,2025-10-18 09:47:17,92,0,No
8009,5490,M,2025-10-12 09:47:17,2025-10-29 09:47:17,62,0,No
7667,5491,M,2025-10-05 09:47:17,2025-10-21 09:47:17,78,1,No
3322,5492,M,2025-08-28 09:47:17,2025-09-12 09:47:17,82,1,No
5090,5493,M,2025-09-27 09:47:17,2025-10-20 09:47:17,88,1,No
7960,5494,F,2025-09-29 09:47:17,2025-10-14 09:47:17,89,1,No
4004,5495,F,2025-10-01 09:47:17,2025-10-06 09:47:17,98,1,Yes
6136,5496,F,2025-08-23 09:47:17,2025-09-13 09:47:17,84,1,No
1329,5497,F,2025-09-20 09:47:17,2025-10-04 09:47:17,96,1,No
4640,5498,M,2025-09-28 09:47:17,2025-09-30 09:47:17,67,0,No
8982,5499,F,2025-09-15 09:47:17,2025-09-26 09:47:17,75,1,Yes
5107,5500,F,2025-09-09 09:47:17,2025-09-28 09:47:17,67,1,No
